word,meaning_1,meaning_2,usage_1,usage_2,mnemonic
belligerent,hostile and aggressive,engaged in war or conflict,The belligerent tone of his speech alarmed the audience,The two belligerent nations agreed to a ceasefire,BELL sounds in war so BELLIGERENT relates to war
perfunctory,carried out with minimal effort or reflection,lacking interest or enthusiasm,She gave a perfunctory nod to acknowledge him,His perfunctory response made it clear he didn't care,PERFUNCTORY = PER-function; just doing the function
repudiate,reject or deny the validity of,refuse to be associated with,He repudiated the allegations against him,The company repudiated any connection to the scandal,RE-PUDIATE = refuse to eat pudding = reject
demur,raise doubts or objections,show reluctance,She demurred politely when asked to speak,He demurred at the idea of skipping class,DEMUR = Damn U R wrong = express objection
salubrious,health-giving; healthy,pleasant or beneficial,The salubrious climate attracted many visitors,They moved to a more salubrious part of town,SALUBRIOUS = SALUTE to good health
tortuous,full of twists and turns,excessively lengthy and complex,We followed the tortuous road through the mountains,His tortuous explanation confused everyone,TORTUOUS = tortoise moves in twists
umbrage,offense or annoyance,,She took umbrage at the rude comment,,UMBRAGE = "Um-Rage!" = feeling offended
probity,complete honesty and integrity,,The judge was known for her probity,,PROBITY = PROper + IntegriTY
attenuate,to reduce in force/intensity/or value,to weaken,The medicine attenuated the pain,The signal was attenuated by the thick walls,ATTENUATE = AT TEN you ATE less = reduce
